-- Seed Roboks real public tariffs and group schedule.

-- Hide the previous generic pricing cards from 20260702000001.
UPDATE public.course_tariffs
SET show_on_site = false
WHERE id IN (
  '1e0d97b0-cbe6-444a-a006-2c5e533ebbbd',
  '2e0d97b0-cbe6-444a-a006-2c5e533ebbbd',
  '3e0d97b0-cbe6-444a-a006-2c5e533ebbbd'
);

INSERT INTO public.course_tariffs (
  id,
  organization_id,
  title,
  audience,
  format,
  lessons_per_month,
  visits_per_week,
  price,
  is_one_time,
  sort_order,
  show_on_site
)
VALUES
  ('41000000-0000-4000-8000-000000000001', 'a3848a60-a292-491a-85eb-7f2824cf4e77', 'Дошкольники: 1 раз в неделю', 'preschool', 'Групповые занятия для дошкольников, 1 посещение в неделю.', 4, 1, 2500, false, 10, true),
  ('41000000-0000-4000-8000-000000000002', 'a3848a60-a292-491a-85eb-7f2824cf4e77', 'Дошкольники: 2 раза в неделю', 'preschool', 'Групповые занятия для дошкольников, 2 посещения в неделю.', 8, 2, 3500, false, 20, true),
  ('41000000-0000-4000-8000-000000000003', 'a3848a60-a292-491a-85eb-7f2824cf4e77', 'Дошкольники: разовое занятие', 'preschool', 'Разовое групповое занятие для дошкольников.', NULL, NULL, 800, true, 30, true),
  ('41000000-0000-4000-8000-000000000004', 'a3848a60-a292-491a-85eb-7f2824cf4e77', 'Школьники: 4 занятия', 'school', 'Абонемент для школьников на 4 занятия.', 4, 1, 3000, false, 40, true),
  ('41000000-0000-4000-8000-000000000005', 'a3848a60-a292-491a-85eb-7f2824cf4e77', 'Школьники: 6 занятий', 'school', 'Абонемент для школьников на 6 занятий.', 6, NULL, 4000, false, 50, true),
  ('41000000-0000-4000-8000-000000000006', 'a3848a60-a292-491a-85eb-7f2824cf4e77', 'Школьники: 8 занятий', 'school', 'Абонемент для школьников на 8 занятий.', 8, 2, 5000, false, 60, true),
  ('41000000-0000-4000-8000-000000000007', 'a3848a60-a292-491a-85eb-7f2824cf4e77', 'Школьники: 10 занятий', 'school', 'Абонемент для школьников на 10 занятий.', 10, NULL, 6000, false, 70, true),
  ('41000000-0000-4000-8000-000000000008', 'a3848a60-a292-491a-85eb-7f2824cf4e77', 'Школьники: индивидуально', 'school', 'Индивидуальное занятие для школьников.', NULL, NULL, 3500, true, 80, true),
  ('41000000-0000-4000-8000-000000000009', 'a3848a60-a292-491a-85eb-7f2824cf4e77', 'Школьники: разовое занятие 90 минут', 'school', 'Разовое групповое занятие для школьников 90 минут.', NULL, NULL, 1100, true, 90, true),
  ('41000000-0000-4000-8000-000000000010', 'a3848a60-a292-491a-85eb-7f2824cf4e77', 'Школьники: разовое занятие 60 минут', 'school', 'Разовое групповое занятие для школьников 60 минут.', NULL, NULL, 1000, true, 100, true)
ON CONFLICT (id) DO UPDATE SET
  title = excluded.title,
  audience = excluded.audience,
  format = excluded.format,
  lessons_per_month = excluded.lessons_per_month,
  visits_per_week = excluded.visits_per_week,
  price = excluded.price,
  is_one_time = excluded.is_one_time,
  sort_order = excluded.sort_order,
  show_on_site = excluded.show_on_site;

INSERT INTO public.groups (
  id,
  organization_id,
  course_id,
  branch_id,
  title,
  status,
  age_from,
  age_to,
  capacity,
  price_monthly,
  show_on_site,
  sort_order
)
VALUES
  ('42000000-0000-4000-8000-000000000001', 'a3848a60-a292-491a-85eb-7f2824cf4e77', '4f8d5918-a6fe-4fbe-9b37-236b28ee2e7a', '120c1a93-8ef9-4eb5-8e7c-eb8ab57342fb', 'Робототехника 10-12 лет, понедельник', 'active', 10, 12, 8, 3000, true, 10),
  ('42000000-0000-4000-8000-000000000002', 'a3848a60-a292-491a-85eb-7f2824cf4e77', '4f8d5918-a6fe-4fbe-9b37-236b28ee2e7a', '120c1a93-8ef9-4eb5-8e7c-eb8ab57342fb', 'Робототехника 6-8 лет, понедельник', 'active', 6, 8, 8, 3000, true, 20),
  ('42000000-0000-4000-8000-000000000003', 'a3848a60-a292-491a-85eb-7f2824cf4e77', '4f8d5918-a6fe-4fbe-9b37-236b28ee2e7a', '120c1a93-8ef9-4eb5-8e7c-eb8ab57342fb', 'Робототехника 7-9 лет, вторник', 'active', 7, 9, 8, 3000, true, 30),
  ('42000000-0000-4000-8000-000000000004', 'a3848a60-a292-491a-85eb-7f2824cf4e77', '4f8d5918-a6fe-4fbe-9b37-236b28ee2e7a', '120c1a93-8ef9-4eb5-8e7c-eb8ab57342fb', 'Робототехника 10-12 лет, вторник', 'active', 10, 12, 8, 3000, true, 40),
  ('42000000-0000-4000-8000-000000000005', 'a3848a60-a292-491a-85eb-7f2824cf4e77', '4f8d5918-a6fe-4fbe-9b37-236b28ee2e7a', '120c1a93-8ef9-4eb5-8e7c-eb8ab57342fb', 'ДШК 1, среда', 'active', 5, 6, 8, 2500, true, 50),
  ('42000000-0000-4000-8000-000000000006', 'a3848a60-a292-491a-85eb-7f2824cf4e77', '4f8d5918-a6fe-4fbe-9b37-236b28ee2e7a', '120c1a93-8ef9-4eb5-8e7c-eb8ab57342fb', 'ДШК 2, среда', 'active', 6, 7, 8, 2500, true, 60),
  ('42000000-0000-4000-8000-000000000007', 'a3848a60-a292-491a-85eb-7f2824cf4e77', '4f8d5918-a6fe-4fbe-9b37-236b28ee2e7a', '120c1a93-8ef9-4eb5-8e7c-eb8ab57342fb', 'Робототехника 7-9 лет, четверг', 'active', 7, 9, 8, 3000, true, 70),
  ('42000000-0000-4000-8000-000000000008', 'a3848a60-a292-491a-85eb-7f2824cf4e77', '4f8d5918-a6fe-4fbe-9b37-236b28ee2e7a', '120c1a93-8ef9-4eb5-8e7c-eb8ab57342fb', 'Робототехника 10-12 лет, четверг', 'active', 10, 12, 8, 3000, true, 80),
  ('42000000-0000-4000-8000-000000000009', 'a3848a60-a292-491a-85eb-7f2824cf4e77', '4f8d5918-a6fe-4fbe-9b37-236b28ee2e7a', '120c1a93-8ef9-4eb5-8e7c-eb8ab57342fb', 'Робототехника 10-12 лет, пятница', 'active', 10, 12, 8, 3000, true, 90),
  ('42000000-0000-4000-8000-000000000010', 'a3848a60-a292-491a-85eb-7f2824cf4e77', '4f8d5918-a6fe-4fbe-9b37-236b28ee2e7a', '120c1a93-8ef9-4eb5-8e7c-eb8ab57342fb', 'Робототехника 6-8 лет, пятница', 'active', 6, 8, 8, 3000, true, 100),
  ('42000000-0000-4000-8000-000000000011', 'a3848a60-a292-491a-85eb-7f2824cf4e77', '4f8d5918-a6fe-4fbe-9b37-236b28ee2e7a', '120c1a93-8ef9-4eb5-8e7c-eb8ab57342fb', 'ДШК 1, суббота', 'active', 5, 6, 8, 2500, true, 110),
  ('42000000-0000-4000-8000-000000000012', 'a3848a60-a292-491a-85eb-7f2824cf4e77', '4f8d5918-a6fe-4fbe-9b37-236b28ee2e7a', '120c1a93-8ef9-4eb5-8e7c-eb8ab57342fb', 'ДШК 2, суббота', 'active', 6, 7, 8, 2500, true, 120),
  ('42000000-0000-4000-8000-000000000013', 'a3848a60-a292-491a-85eb-7f2824cf4e77', '1d0d97b0-cbe6-444a-a006-2c5e533ebbbd', '120c1a93-8ef9-4eb5-8e7c-eb8ab57342fb', 'Творческое занятие', 'active', 7, 12, 8, 3000, true, 130),
  ('42000000-0000-4000-8000-000000000014', 'a3848a60-a292-491a-85eb-7f2824cf4e77', '2d0d97b0-cbe6-444a-a006-2c5e533ebbbd', '120c1a93-8ef9-4eb5-8e7c-eb8ab57342fb', 'Программирование', 'active', 10, 14, 8, 3000, true, 140)
ON CONFLICT (id) DO UPDATE SET
  course_id = excluded.course_id,
  branch_id = excluded.branch_id,
  title = excluded.title,
  status = excluded.status,
  age_from = excluded.age_from,
  age_to = excluded.age_to,
  capacity = excluded.capacity,
  price_monthly = excluded.price_monthly,
  show_on_site = excluded.show_on_site,
  sort_order = excluded.sort_order,
  updated_at = now();

INSERT INTO public.group_schedule_rules (
  id,
  organization_id,
  group_id,
  weekday,
  starts_at,
  ends_at
)
VALUES
  ('43000000-0000-4000-8000-000000000001', 'a3848a60-a292-491a-85eb-7f2824cf4e77', '42000000-0000-4000-8000-000000000001', 1, '12:00', '13:30'),
  ('43000000-0000-4000-8000-000000000002', 'a3848a60-a292-491a-85eb-7f2824cf4e77', '42000000-0000-4000-8000-000000000002', 1, '14:00', '15:30'),
  ('43000000-0000-4000-8000-000000000003', 'a3848a60-a292-491a-85eb-7f2824cf4e77', '42000000-0000-4000-8000-000000000003', 2, '10:00', '11:30'),
  ('43000000-0000-4000-8000-000000000004', 'a3848a60-a292-491a-85eb-7f2824cf4e77', '42000000-0000-4000-8000-000000000004', 2, '13:00', '14:30'),
  ('43000000-0000-4000-8000-000000000005', 'a3848a60-a292-491a-85eb-7f2824cf4e77', '42000000-0000-4000-8000-000000000005', 3, '16:30', '17:30'),
  ('43000000-0000-4000-8000-000000000006', 'a3848a60-a292-491a-85eb-7f2824cf4e77', '42000000-0000-4000-8000-000000000006', 3, '18:00', '19:00'),
  ('43000000-0000-4000-8000-000000000007', 'a3848a60-a292-491a-85eb-7f2824cf4e77', '42000000-0000-4000-8000-000000000007', 4, '10:00', '11:30'),
  ('43000000-0000-4000-8000-000000000008', 'a3848a60-a292-491a-85eb-7f2824cf4e77', '42000000-0000-4000-8000-000000000008', 4, '13:00', '14:30'),
  ('43000000-0000-4000-8000-000000000009', 'a3848a60-a292-491a-85eb-7f2824cf4e77', '42000000-0000-4000-8000-000000000009', 5, '12:00', '13:30'),
  ('43000000-0000-4000-8000-000000000010', 'a3848a60-a292-491a-85eb-7f2824cf4e77', '42000000-0000-4000-8000-000000000010', 5, '14:00', '15:30'),
  ('43000000-0000-4000-8000-000000000011', 'a3848a60-a292-491a-85eb-7f2824cf4e77', '42000000-0000-4000-8000-000000000011', 6, '10:00', '11:00'),
  ('43000000-0000-4000-8000-000000000012', 'a3848a60-a292-491a-85eb-7f2824cf4e77', '42000000-0000-4000-8000-000000000012', 6, '11:30', '12:30'),
  ('43000000-0000-4000-8000-000000000013', 'a3848a60-a292-491a-85eb-7f2824cf4e77', '42000000-0000-4000-8000-000000000013', 6, '13:00', '14:30'),
  ('43000000-0000-4000-8000-000000000014', 'a3848a60-a292-491a-85eb-7f2824cf4e77', '42000000-0000-4000-8000-000000000014', 6, '15:00', '16:30')
ON CONFLICT (id) DO UPDATE SET
  group_id = excluded.group_id,
  weekday = excluded.weekday,
  starts_at = excluded.starts_at,
  ends_at = excluded.ends_at;
